<beans xmlns="http://www.springframework.org/schema/beans"
       xmlns:xsi="http://www.w3.org/2001/XMLSchema-instance"
       xsi:schemaLocation="http://www.springframework.org/schema/beans http://www.springframework.org/schema/beans/spring-beans.xsd">

    <bean id="processEngineConfiguration" class="org.activiti.engine.impl.cfg.StandaloneProcessEngineConfiguration">
        <property name="jdbcUrl" value="jdbc:mysql://localhost:3306/activiti?autoReconnect=true&amp;useUnicode=true&amp;characterEncoding=UTF-8" />
        <property name="jdbcDriver" value="com.mysql.jdbc.Driver" />
        <property name="jdbcUsername" value="people_demo" />
        <property name="jdbcPassword" value="people_demo" />
        <property name="databaseSchemaUpdate" value="false" />
        <property name="jobExecutorActivate" value="false" />
    </bean>
    
</beans>
